{"cameraMode":{"drawMode":0,"name":"Shaded","section":"Shading Mode"},"sceneLighting":true,"audioPlay":false,"sceneViewState":{"showFog":true,"showMaterialUpdate":false,"showSkybox":true,"showFlares":true,"showImageEffects":true,"showParticleSystems":true},"in2DMode":false,"pivot":{"x":0.013062715530395508,"y":0.03451138734817505,"z":2.342050790786743},"rotation":{"x":-0.028871973976492883,"y":0.9709548354148865,"z":-0.17699488997459413,"w":-0.1583855003118515},"size":4.40103006362915,"orthographic":false}