{"cameraMode":{"drawMode":0,"name":"Shaded","section":"Shading Mode"},"sceneLighting":false,"audioPlay":false,"sceneViewState":{"showFog":true,"showMaterialUpdate":true,"showSkybox":true,"showFlares":true,"showImageEffects":true,"showParticleSystems":true},"in2DMode":false,"pivot":{"x":-3.880577325820923,"y":1.6500000953674317,"z":6.65000057220459},"rotation":{"x":0.1821725219488144,"y":-0.5896363258361816,"z":0.13867750763893128,"w":0.7745391130447388},"size":13.435747146606446,"orthographic":false}