{"cameraMode":{"drawMode":0,"name":"Shaded","section":"Shading Mode"},"sceneLighting":true,"audioPlay":false,"sceneViewState":{"showFog":true,"showMaterialUpdate":true,"showSkybox":true,"showFlares":true,"showImageEffects":true,"showParticleSystems":true},"in2DMode":false,"pivot":{"x":-2.50661563873291,"y":-3.9222044944763185,"z":-0.21070575714111329},"rotation":{"x":0.15085139870643617,"y":-0.49579471349716189,"z":0.08791141957044602,"w":0.8507074117660523},"size":20.668119430541993,"orthographic":false}