{"cameraMode":{"drawMode":0,"name":"Shaded","section":"Shading Mode"},"sceneLighting":false,"audioPlay":false,"sceneViewState":{"showFog":true,"showMaterialUpdate":true,"showSkybox":true,"showFlares":true,"showImageEffects":true,"showParticleSystems":true},"in2DMode":false,"pivot":{"x":21.493637084960939,"y":-2.1855430603027345,"z":66.50662231445313},"rotation":{"x":0.1821725219488144,"y":-0.5896363258361816,"z":0.13867750763893128,"w":0.7745391130447388},"size":146.56185913085938,"orthographic":false}