{"cameraMode":{"drawMode":0,"name":"Shaded","section":"Shading Mode"},"sceneLighting":false,"audioPlay":false,"sceneViewState":{"showFog":true,"showMaterialUpdate":true,"showSkybox":true,"showFlares":true,"showImageEffects":true,"showParticleSystems":true},"in2DMode":false,"pivot":{"x":-0.014952950179576874,"y":1.5664260387420655,"z":-0.06535716354846955},"rotation":{"x":0.1609506607055664,"y":-0.26724156737327578,"z":0.04532402381300926,"w":0.9490113854408264},"size":6.731371879577637,"orthographic":false}