{"cameraMode":{"drawMode":0,"name":"Shaded","section":"Shading Mode"},"sceneLighting":false,"audioPlay":false,"sceneViewState":{"showFog":true,"showMaterialUpdate":true,"showSkybox":true,"showFlares":true,"showImageEffects":true,"showParticleSystems":true},"in2DMode":false,"pivot":{"x":5.048185348510742,"y":1.7198104858398438,"z":-5.311283111572266},"rotation":{"x":-0.23703442513942719,"y":0.16686205565929414,"z":-0.04135764390230179,"w":-0.9561702013015747},"size":13.938639640808106,"orthographic":false}