{"cameraMode":{"drawMode":0,"name":"Shaded","section":"Shading Mode"},"sceneLighting":true,"audioPlay":false,"sceneViewState":{"showFog":true,"showMaterialUpdate":true,"showSkybox":true,"showFlares":true,"showImageEffects":true,"showParticleSystems":true},"in2DMode":false,"pivot":{"x":6.514406204223633,"y":3.0470995903015138,"z":1.5427627563476563},"rotation":{"x":0.17465591430664063,"y":-0.41058605909347536,"z":0.08045070618391037,"w":0.8913148641586304},"size":18.23723793029785,"orthographic":false}