{"cameraMode":{"drawMode":0,"name":"Shaded","section":"Shading Mode"},"sceneLighting":false,"audioPlay":false,"sceneViewState":{"showFog":true,"showMaterialUpdate":true,"showSkybox":true,"showFlares":true,"showImageEffects":true,"showParticleSystems":true},"in2DMode":false,"pivot":{"x":3.64461350440979,"y":3.0408127307891847,"z":-2.9736709594726564},"rotation":{"x":-0.17530737817287446,"y":0.156078040599823,"z":-0.028152458369731904,"w":-0.971655547618866},"size":12.632819175720215,"orthographic":false}