{"cameraMode":{"drawMode":0,"name":"Shaded","section":"Shading Mode"},"sceneLighting":true,"audioPlay":false,"sceneViewState":{"showFog":true,"showMaterialUpdate":true,"showSkybox":true,"showFlares":true,"showImageEffects":true,"showParticleSystems":true},"in2DMode":false,"pivot":{"x":-13.309988021850586,"y":0.9749948978424072,"z":1.0705623626708985},"rotation":{"x":0.04155542328953743,"y":-0.49933141469955447,"z":0.023986419662833215,"w":0.8650815486907959},"size":37.99505615234375,"orthographic":false}