{"cameraMode":{"drawMode":0,"name":"Shaded","section":"Shading Mode"},"sceneLighting":true,"audioPlay":false,"sceneViewState":{"showFog":true,"showMaterialUpdate":false,"showSkybox":true,"showFlares":true,"showImageEffects":true,"showParticleSystems":true},"in2DMode":false,"pivot":{"x":-0.6997966766357422,"y":-2.2388954162597658,"z":-1.2934410572052003},"rotation":{"x":-0.16227245330810548,"y":0.7492234110832214,"z":-0.19915655255317689,"w":-0.610465943813324},"size":13.588147163391114,"orthographic":false}